schema	grug_wp40_t2_authored_fixture_v1
source_sha256	87540c49d629eb81164c18e906c23cabbe03eddb429f7ba647c60b650951cd6e
count	zones	38
count	land_routes	57
count	boat_routes	4
route_classes	primary=30	secondary=24	trail=3
record_schema	zones	grug_wp40_zone_v1	text_values=display_name,faction,primary_relief_id,pvp_rule,race_region,territory_rule	signed_values=-	unsigned_values=level_max,level_min	boolean_values=civic_no_hostiles,faction_present	text_arrays=biome_ids	signed_arrays=-	unsigned_arrays=biome_shares
record_schema	land_routes	grug_wp40_land_route_v1	text_values=boundary_id,boundary_interface_id,class,endpoint_a_id,endpoint_b_id,gate_ref_a,gate_ref_b,grade_phase,station_a_id,station_b_id,zone_a,zone_b	signed_values=-	unsigned_values=crossing_station	boolean_values=gate_ref_a_present,gate_ref_b_present	text_arrays=-	signed_arrays=centreline_xz	unsigned_arrays=-
record_schema	boat_routes	grug_wp40_boat_route_v1	text_values=from_zone,landing_id,to_zone	signed_values=approach_z	unsigned_values=width	boolean_values=-	text_arrays=-	signed_arrays=-	unsigned_arrays=-
representative	zones	elandor_hearthpine_vale	kragmar_nhal_veyr	front_stormscale_summit
representative	land_routes	route_001	route_029	route_057
representative	boat_routes	boat_wyrmglass_south	boat_wyrmglass_north	boat_stormscale_south	boat_stormscale_north
family_sha256	zones	3f41fb8f109f3edd4d0991632658b018c25686e664cc039406112ceb5740a5ed
family_sha256	land_routes	70c5d4885ec2eed77267e82d9adcbf618a4eb095b5286cc46726687e9436b94f
family_sha256	boat_routes	b8d5b653946a27e254d602b533c511c129472b300992a33f48dcaa36bd65f038
complete_shell_sha256	012817385d86ece1141969f829d6a9a1b4252e89b07c18489fb6218740ee5213
