schema	grug_wp40_r7_pilot_projection_v3
acceptance_scope	32_seed_main_plus_7_seed_static_frontier_successor_lane_not_exhaustive
assignment_sha256	0f64e01dda6fe072dd916b8d4f55386c5a85b247d46fb20bd8ed0e176f908c16
source_audit_sha256	eee864eabac4cf9d0c40911d27d5b6ca7b1886e96d9db3f82a1e8acd01bd8fb4
catalog_receipt_sha256	5da83c95e8cae9f1961e809e4eb4c54b0f890e7e01ffd2a4d0965decc5390adf
native_kat_sha256	00e57b5b36d002ca18066d78845ea678eed9775801e1089101c6a33df82b831d
integration_kat_sha256	7a3725a6a3a22fba6335740b73b7e124faf9fa4f6c5723f713baf3b40b5b7740
seed_roster_sha256	c055c7910e97f6062111f33f15365c5d85694c51c0b474b0ffa378ba14e65c37
sample_assignment_sha256	4d1e0e796941115cfdbc44031e9fbc08775d11adc52503834ac3805b6708092c
sample_assignment	schema	grug_wp40_r7_sample_assignment_v1
sample_assignment	sample_schema	grug_wp40_r7_stratified_owner_sample_v1
sample_assignment	seed_population	32
sample_assignment	owner_population_per_seed	128
sample_assignment	case_population	4096
sample_assignment	seed	1	fce7d1532dd806f9ec68f89293297e6f02b6eacd5cce146d82d0f278e1c7896c	128	795281	104	24	0
sample_assignment	seed	2	c1e566e8a7f6740670f71d913fc93a56a366044e7e50a637651f495f89230127	128	795281	104	24	0
sample_assignment	seed	3	88506f53a2f00d1b52a911e3cf7b84f95caf3eda2f9a2e075ee5a8df88b252e0	128	795281	104	24	0
sample_assignment	seed	4	549b772456fc281dd1d64f9c7c8be22d8c064efd6f2ed67764ccd22da31ae00f	128	795281	104	24	0
sample_assignment	seed	5	d8e30080eb12015b793ecdb8e3e63c213a8693434437d19c76240ba5a39bd7c3	128	795281	104	24	0
sample_assignment	seed	6	331322c2cfc4e8853ff769cf5572d43ff7fc41a5b57f812c5eaf027cb7d10119	128	795281	104	24	0
sample_assignment	seed	7	7c85c77a727b00f9cb19ad099602873e414a65892652740e4a7ca9056771e446	128	795281	104	24	0
sample_assignment	seed	8	4c64aaa09f943c8dcadabaf64b28a19f0e7a80324ff562752ae6f58423d4d358	128	795281	104	24	0
sample_assignment	seed	9	db605fc74ae88f14648f0b8201353de6f749787951a6f61d665c70a4ea5a04c5	128	795281	104	24	0
sample_assignment	seed	10	c5335e6d62ff56c6a5d0462a781bd594d9d9c131134587243d50a697bcdfeed8	128	795281	104	24	0
sample_assignment	seed	11	af824c152c799c28d6e02f65d599f8304811f5a5f95d3da37ff19d594ddcf4c0	128	795281	104	24	0
sample_assignment	seed	12	f29326b1301e6d1a8258e3e8fcd5f7094688b12a1ee491ed04cd6e9f2d88e229	128	795281	104	24	0
sample_assignment	seed	13	8750eec8b0deb6b50b026f1ded6b844a0c4080e55aad11231d65f492894d40d6	128	795281	104	24	0
sample_assignment	seed	14	3081c70d8ce348f827128de71a0fb8f203534f41e5574ec56465df47c2f6d47c	128	795281	104	24	0
sample_assignment	seed	15	3e2776095652a8908e2f7f37ba4949ba00640f79e22bc940181b08f53333f8c9	128	795281	104	24	0
sample_assignment	seed	16	b2f829fb9045941a3ef27053503ffaf1f581ce659b1d38f7780930ee2bde7b63	128	795281	104	24	0
sample_assignment	seed	17	75a50a1fbdb06f8a20287df51bd90be787968ec0e984bdaa1926e7e07ee5594b	128	795281	104	24	0
sample_assignment	seed	18	e8a5653c837b60c49d3af0c16a80dd9160867419dc4e91d7c35057e3adfa30f6	128	795281	104	24	0
sample_assignment	seed	19	bd04c4d696266fb96280e64a8528a6727a77262122721b682cde9242fd21fa61	128	795281	104	24	0
sample_assignment	seed	20	c84048bbd2a33512215972c10830a583bccfc656054d860282059a0b3ab6ba0c	128	795281	104	24	0
sample_assignment	seed	21	0fd916a9d771360c5bc0093f0550739eac01be8ef9824cef032bb13074c06ff7	128	795281	104	24	0
sample_assignment	seed	22	61747e7b4ac6068b92da405b3a6a2d4584318718874e2be43639c0931944fbac	128	795281	104	24	0
sample_assignment	seed	23	aa438b3a831dbbd7c7793ff1ad0df4d8e34fb5c1542cde78992cd72b1cf139f7	128	795281	104	24	0
sample_assignment	seed	24	9cf9a1187c5fcd8f46543ae876e122fd94f3fe3363c40447fc59c86e9413b633	128	795281	104	24	0
sample_assignment	seed	25	ab56789ada43376f7e83f568547fb2115b7690e6efa932b6bfad7c7628e7e621	128	795281	104	24	0
sample_assignment	seed	26	5812ba585c6e41fa21e930465c9613b549763c9c82497d1330d6cc5bfcdfc90d	128	795281	104	24	0
sample_assignment	seed	27	6c3f005acb426bf13eb4bfedc679fb4eed04da8cddbf20f6ff40da28f86bf7e4	128	795281	104	24	0
sample_assignment	seed	28	fa3843a705fc49a74504d32ba897632129206962911f2266cd8e2da4a2b18438	128	795281	104	24	0
sample_assignment	seed	29	68a4474feed7eecfc0a7457e14bfbf9268e17daa8656cc22520da80c4bc0bb10	128	795281	104	24	0
sample_assignment	seed	30	0a5a62d7c77a17510bfa915ad97cdcb410d1b2b12d120fc6203b5d21a79f683b	128	795281	104	24	0
sample_assignment	seed	31	d04f444aed05872dff23d8c882d341efac6c2be08a2ac64550f8591e78236896	128	795281	104	24	0
sample_assignment	seed	32	c3a08421e002c7d14c6bd4e7089768693068622e1d0009bf3bc0a7cf53c70773	128	795281	104	24	0
frontier_access_assignment_sha256	14101c68d563e329f694b1594402e1d1e688ab6b1b2237db17f6df984725511a
frontier_access_assignment	schema	grug_wp40_r7_frontier_access_assignment_v2
frontier_access_assignment	frontier_access_schema	grug_wp40_r7_frontier_access_roster_v1
frontier_access_assignment	seed_population	7
frontier_access_assignment	seed_slots	1,6,11,17,22,27,32
frontier_access_assignment	owner_population_per_seed	458
frontier_access_assignment	case_population	3206
frontier_access_assignment	column_population_per_seed	2931200
frontier_access_assignment	column_visit_population	20518400
frontier_access_assignment	source_population	4
frontier_access_assignment	zone_population	4
frontier_access_assignment	source_faction_gate_population	8
frontier_access_assignment	roster_sha256	6c52c5aa90b21ff21f5d5b695c5b50adcc2c329a5722362f37e82dde11718341
combined_pilot_result_sha256	825139eb38f117ee77abefeef67609ca13fece395f82b2db7a4181ce5bf5f0e7
combined_pilot_result	schema	grug_wp40_r7_pilot_result_v3
combined_pilot_result	seed_slot	17
combined_pilot_result	seed_identity	9007199254740992
combined_pilot_result	canonical_output_sha256	06a693b0fb4767371d0ad1a5177e27609fdb3ad70986e675b38872202c58daf1
combined_pilot_result	frontier_access_roster_sha256	6c52c5aa90b21ff21f5d5b695c5b50adcc2c329a5722362f37e82dde11718341
combined_pilot_result	frontier_access_enabled	true
combined_pilot_result	frontier_access_owner_count	458
combined_pilot_result	frontier_access_column_count	2931200
combined_pilot_result	canonical_output_bytes	478405
combined_pilot_result	stage_a_sha256	6f3129d3d9a497c491a0f0d9efb757d3bc34707fcd5d0514e14ad7d48cb33e7f
combined_pilot_result	stage_b_sha256	f5eac096ba1d3fb35b65154c49ea08c1794ccdfc9aabb427970d6d1c29b58860
combined_pilot_result	p9g_delta_sha256	1be34a63db318c1418a7fd5841a64e93d901e97b91f1953b3bb82acc836b55d7
main_pilot_result_sha256	0a9e9d3b7314f78d0f6c399916a92ed59eb64d0b6842e2c500a475ef1e552241
main_pilot_result	schema	grug_wp40_r7_pilot_result_v3
main_pilot_result	seed_slot	18
main_pilot_result	seed_identity	9007199254740993
main_pilot_result	canonical_output_sha256	19a69ca9f574494ea711e91a58d68afe6b6e28743d3701926c6283e3955d0be6
main_pilot_result	frontier_access_roster_sha256	6c52c5aa90b21ff21f5d5b695c5b50adcc2c329a5722362f37e82dde11718341
main_pilot_result	frontier_access_enabled	false
main_pilot_result	frontier_access_owner_count	0
main_pilot_result	frontier_access_column_count	0
main_pilot_result	canonical_output_bytes	186838
main_pilot_result	stage_a_sha256	e373e79bb0422c65b77821bcad4fdedf5038e459d1f7af589fd345ce2fe49936
main_pilot_result	stage_b_sha256	5b0fcc022ceff7927a02bf529da31e6474cfafee0ba8890a59e26f2645eb5013
main_pilot_result	p9g_delta_sha256	1be34a63db318c1418a7fd5841a64e93d901e97b91f1953b3bb82acc836b55d7
combined_representative_seed_slot	17
main_representative_seed_slot	18
sample_schema	grug_wp40_r7_stratified_owner_sample_v1
sample_owner_population_per_seed	128
sample_case_population	4096
sample_column_population_per_seed	795281
combined_pilot_sample_roster_sha256	75a50a1fbdb06f8a20287df51bd90be787968ec0e984bdaa1926e7e07ee5594b
main_pilot_sample_roster_sha256	e8a5653c837b60c49d3af0c16a80dd9160867419dc4e91d7c35057e3adfa30f6
frontier_access_schema	grug_wp40_r7_frontier_access_roster_v1
frontier_access_seed_population	7
frontier_access_seed_slots	1,6,11,17,22,27,32
frontier_access_owner_population_per_seed	458
frontier_access_case_population	3206
frontier_access_column_population_per_seed	2931200
frontier_access_column_visit_population	20518400
frontier_access_source_population	4
frontier_access_zone_population	4
frontier_access_source_faction_gate_population	8
combined_pilot_frontier_access_roster_sha256	6c52c5aa90b21ff21f5d5b695c5b50adcc2c329a5722362f37e82dde11718341
combined_measured_elapsed_seconds	3095.19
combined_measured_user_seconds	3078.14
combined_measured_system_seconds	3.18
combined_measured_peak_rss_kib	1587992
combined_measured_output_bytes	478405
combined_measured_pilot_receipt_bytes	634
main_measured_elapsed_seconds	621.31
main_measured_user_seconds	616.58
main_measured_system_seconds	1.13
main_measured_peak_rss_kib	1495168
main_measured_output_bytes	186838
main_measured_pilot_receipt_bytes	627
measured_total_scratch_bytes	687692
fleet_width	7
fleet_seed_population	32
fleet_worker_schedule	one_access_seed_plus_three_or_four_main_only_seeds
projected_fleet_wall_seconds	5580.430000
projected_fleet_budget_limit_seconds	7200
projected_fleet_budget_status	within_two_hour_limit
projected_fleet_peak_rss_kib	11115944
projected_fleet_output_bytes	8019785
projected_fleet_scratch_model	4_x_seed_outputs_plus_10_mib
projected_fleet_scratch_bytes	42564900
stop_boundary	unconditional_before_fleet
